test name 1,1577880500,25000
test name 2,1577880501,25001
test name 3,1577880502,25002
test name 4,1577880503,25003
test name 5,1577880504,25004
test name 6,1577880505,25005
test name 7,1577880506,25006
test name 8,1577880507,25007
test name 9,1577880508,25008
test name 10,1577880509,25009
test name 11,1577880510,25010
test name 12,1577880511,25011
test name 13,1577880512,25012
test name 14,1577880513,25013
test name 15,1577880514,25014
test name 16,1577880515,25015
test name 17,1577880516,25016
test name 18,1577880517,25017
test name 19,1577880518,25018
test name 20,1577880519,25019
test name 21,1577880520,25020
test name 22,1577880521,25021
test name 23,1577880522,25022
test name 24,1577880523,25023
test name 25,1577880524,25024
test name 26,1577880525,25025
test name 27,1577880526,25026
test name 28,1577880527,25027
test name 29,1577880528,25028
test name 30,1577880529,25029
test name 31,1577880530,25030
test name 32,1577880531,25031
test name 33,1577880532,25032
test name 34,1577880533,25033
test name 35,1577880534,25034
test name 36,1577880535,25035
test name 37,1577880536,25036
test name 38,1577880537,25037
test name 39,1577880538,25038
test name 40,1577880539,25039
test name 41,1577880540,25040
test name 42,1577880541,25041
test name 43,1577880542,25042
test name 44,1577880543,25043
test name 45,1577880544,25044
test name 46,1577880545,25045
test name 47,1577880546,25046
test name 48,1577880547,25047
test name 49,1577880548,25048
test name 50,1577880549,25049
